{
  "hash": "c10d42e6",
  "configHash": "71570fab",
  "lockfileHash": "a707b45a",
  "browserHash": "174971eb",
  "optimized": {
    "@angular/core": {
      "src": "../../../../../../node_modules/@angular/core/fesm2022/core.mjs",
      "file": "@angular_core.js",
      "fileHash": "3f9db174",
      "needsInterop": false
    },
    "@angular/platform-browser": {
      "src": "../../../../../../node_modules/@angular/platform-browser/fesm2022/platform-browser.mjs",
      "file": "@angular_platform-browser.js",
      "fileHash": "ec9bf1e8",
      "needsInterop": false
    },
    "@angular/router": {
      "src": "../../../../../../node_modules/@angular/router/fesm2022/router.mjs",
      "file": "@angular_router.js",
      "fileHash": "81faac17",
      "needsInterop": false
    },
    "@angular/common/http": {
      "src": "../../../../../../node_modules/@angular/common/fesm2022/http.mjs",
      "file": "@angular_common_http.js",
      "fileHash": "4105235f",
      "needsInterop": false
    },
    "@angular/forms": {
      "src": "../../../../../../node_modules/@angular/forms/fesm2022/forms.mjs",
      "file": "@angular_forms.js",
      "fileHash": "0fbc0651",
      "needsInterop": false
    }
  },
  "chunks": {
    "chunk-EZ23W6OK": {
      "file": "chunk-EZ23W6OK.js"
    },
    "chunk-NXHUE3EJ": {
      "file": "chunk-NXHUE3EJ.js"
    },
    "chunk-5NWVKDJ7": {
      "file": "chunk-5NWVKDJ7.js"
    },
    "chunk-4W46YXB2": {
      "file": "chunk-4W46YXB2.js"
    }
  }
}